"","s","A","B.pre.anodal","B.dpost.anodal","B.pre.cathodal","B.dpost.cathodal","B.pre.sham","B.dpost.sham","mean_v.pre.anodal.true","mean_v.dpost.anodal.true","mean_v.pre.cathodal.true","mean_v.dpost.cathodal.true","mean_v.pre.sham.true","mean_v.dpost.sham.true","mean_v.pre.anodal.false","mean_v.dpost.anodal.false","mean_v.pre.cathodal.false","mean_v.dpost.cathodal.false","mean_v.pre.sham.false","mean_v.dpost.sham.false","t0","iter","B.change.anodal","B.change.cathodal","B.change.sham","B.change.ancath","B.change.actvsham","B.change.anvsham","B.change.cathvsham","mean_v.pre.anodal.diff","mean_v.pre.cathodal.diff","mean_v.pre.sham.diff","mean_v.dpost.anodal.diff","mean_v.dpost.cathodal.diff","mean_v.dpost.sham.diff","mean_v.pre.anodal.sum","mean_v.pre.cathodal.sum","mean_v.pre.sham.sum","mean_v.dpost.anodal.sum","mean_v.dpost.cathodal.sum","mean_v.dpost.sham.sum","mean_v.change.anodal.diff","mean_v.change.cathodal.diff","mean_v.change.sham.diff","mean_v.change.anodal.sum","mean_v.change.cathodal.sum","mean_v.change.sham.sum","mean_v.change.anodal.true","mean_v.change.cathodal.true","mean_v.change.sham.true","mean_v.change.anodal.false","mean_v.change.cathodal.false","mean_v.change.sham.false","mean_v.change.ancath.diff","mean_v.change.ancath.sum","mean_v.change.ancath.true","mean_v.change.ancath.false","mean_v.change.actvsham.diff","mean_v.change.anvsham.diff","mean_v.change.cathvsham.diff","mean_v.change.actvsham.sum","mean_v.change.anvsham.sum","mean_v.change.cathvsham.sum","mean_v.change.actvsham.true","mean_v.change.anvsham.true","mean_v.change.cathvsham.true","mean_v.change.actvsham.false","mean_v.change.anvsham.false","mean_v.change.cathvsham.false","LH_SkullThickness","RH_SkullThickness","gender","age","taskpairing","Thick_LH_Gyrus_InfOpercular","Thick_LH_Gyrus_InfTriangular","Thick_LH_Gyrus_Front_Middle","Thick_LH_Sulcus_inferior","Thick_LH_Sulcus_middle","Thickness_LH_Sulcus_precentral_inf_part","Thick_RH_Gyrus_InfOpercular","Thick_RH_Gyrus_InfTriangular","Thick_RH_Gyrus_Front_Middle","Thickness_RH_Sulcus_inferior","Thickness_RH_Sulcus_middle","Thickness_RH_Sulcus_precentral.inf.part"
"1",1,1.73032132156156,1.66540950820057,2.09045917361795,1.84962090730757,1.97401925919498,1.48297817693307,1.6201475503119,4.00864205610602,5.0156159331195,3.54374490050545,3.37229839906732,3.71508236928991,3.93643625655747,-0.345683129507079,0.202626672493834,-0.289436240659036,-0.904469850674775,-0.180092899928538,0.273533087867382,0.178964930045915,500.5,0.425049665417374,0.124398351887407,0.137169373378827,0.274724008652391,0.137554635273564,0.287880292038547,-0.0127710214914198,4.3543251856131,3.54374490050545,3.89517526921845,4.81298926062567,4.2767682497421,3.66290316869009,3.66295892659894,3.25430865984641,3.53498946936137,5.21824260561333,2.46782854839255,4.20996934442486,0.458664075012568,0.73302334923665,-0.23227210052836,1.55528367901439,-0.497043870794829,0.674979875063481,1.00697387701348,0.11798973922091,0.221353887267561,0.548309802000913,-0.61503361001574,0.453625987795921,0.595843712124609,0.529119904109782,0.562481808117196,-0.0333619040074133,0.828115812652969,0.690936175540928,0.96529544976501,-0.145859970953699,0.880303803950913,-1.17202374585831,0.341127920849635,0.78561998974592,-0.10336414804665,-0.486987891803334,0.0946838142049924,-0.38276150948738,2,2,1,25,1,2.775,2.501,2.44,2.215,2.103,2.419,3.008,2.441,2.298,2.206,1.922,2.515
"2",2,2.04476441381025,1.57270151016608,1.71403175934963,1.72068936459896,2.31871844429964,1.6678230234041,1.65484479887291,3.34292202663225,3.6927408610296,3.94846847304898,5.00869011682641,2.92338354434729,3.03920914392777,-0.89450364835137,-0.0807173972976726,-0.105348748074968,-1.00025247114397,-0.948000236831334,-1.27098338240816,0.112498427308349,500.5,0.141330249183551,0.598029079700678,-0.0129782245311884,0.369679664442114,0.382657888973303,0.154308473714739,0.611007304231867,4.23742567498362,3.94846847304898,3.87138378117862,3.77345825832727,6.00894258797038,4.31019252633593,2.44841837828088,3.84311972497401,1.97538330751595,3.61202346373192,4.00843764568244,1.76822576151961,-0.463967416656352,2.0604741149214,0.438808745157306,1.16360508545104,0.270666668783395,-0.207157545996342,0.349818834397345,1.1655703918524,0.115825599580482,0.813786251053697,-0.894903723069001,-0.322983145576824,0.798253349132523,0.717135877117219,0.757694613124871,-0.0405587360076519,0.359444603975216,-0.902776161813658,1.62166536976409,0.924293423113561,1.37076263144738,0.477824214779738,0.641869013544389,0.233993234816863,1.04974479227191,0.282424409569172,1.13676939663052,-1.33371246822631,1.666666667,2.333333333,1,30,2,3.089,2.831,2.687,2.227,2.433,2.566,2.95,2.846,2.752,2.255,2.15,2.479
"3",3,1.3500317543237,1.57080216029852,1.21441427245451,1.87860656734887,1.80832484512982,1.72934045996725,1.82438633841861,3.60734836983807,2.83734962445248,3.91791905878528,3.37747271314279,3.66403860383231,4.21041422292179,0.646644044673389,0.406591744073946,-0.60125267643738,0.352199444937063,0.522895482339034,1.21445293521227,0.134352382752935,500.5,-0.35638788784401,-0.0702817222190484,0.0950458784513612,-0.213334805031529,-0.308380683482891,-0.451433766295371,-0.16532760067041,2.96070432516468,3.91791905878528,3.14114312149328,2.43075788037853,3.02527326820572,2.99596128770952,4.25399241451146,3.3166663823479,4.18693408617135,3.24394136852643,3.72967215807985,5.42486715813407,-0.529946444786145,-0.892645790579558,-0.14518183378376,-1.01005104598503,1.01425845216933,1.23793307196272,-0.769998745385587,0.0608063307948844,0.546375619089481,-0.240052300599443,0.953452121374443,0.69155745287324,-0.711296117682852,0.0021037030921485,-0.354596207295352,0.3566999103875,-0.566114283899092,-0.384764611002385,-0.747463956795799,-1.23582936887057,-2.24798411794775,-0.223674619793394,-0.900971826384832,-1.31637436447507,-0.485569288294596,-0.33485754248574,-0.931609753472683,1.0986339551582,2,1.666666667,2,19,3,2.999,2.853,2.697,2.486,2.315,2.638,2.964,2.754,2.788,2.395,2.384,2.558
"4",6,1.33065721322929,1.85474869729512,2.29654850916291,1.79263753336206,1.91388039102814,1.47410090455849,1.49307801269539,4.17348373277428,5.15223591047692,3.68166533412759,3.09508859573741,3.16139860601929,3.79578758763375,-0.134571077976195,0.747426206788947,-0.947166380784,-0.737209580408107,-1.06679238759237,-0.00873223081161682,0.225556118524622,500.5,0.441799811867791,0.121242857666075,0.0189771081368983,0.281521334766933,0.262544226630035,0.422822703730893,0.102265749529177,4.30805481075048,3.68166533412759,4.22819099361165,4.40480970368798,3.83229817614552,3.80451981844536,4.03891265479808,2.73449895334359,2.09460621842692,5.89966211726587,2.35787901532931,3.78705535682213,0.0967548929375009,0.150632842017932,-0.42367117516629,1.86074946246779,0.570546442769719,1.69244913839521,0.978752177702643,0.360589642393826,0.634388981614458,0.881997284765142,0.209956800375894,1.05806015678075,0.123693867477716,1.21564795261875,0.669670910048234,0.545977042570518,0.547365042644007,0.520426068103791,0.574304017184222,-0.476801185776454,0.16830032407258,-1.12190269562549,0.0352819284337765,0.344363196088185,-0.273799339220632,-0.51208311421023,-0.176062872015606,0.633627975542184,2,1.666666667,1,26,1,3.082,2.872,2.508,2.386,2.54,2.559,2.989,2.543,2.369,2.151,1.99,2.536
"5",7,1.16549431933041,1.5583660102059,1.7201996947927,1.77059597590703,1.75845832217768,1.42040491107232,1.7470040787182,2.96906828449861,2.73864284333553,3.29378979604874,4.80537860803561,3.91463599139933,4.50253365290126,-0.339389066113538,-0.454652005211143,1.12184752474643,1.63790470245815,0.610707897658408,1.15961977602268,0.170387036892209,500.5,0.161833684586794,-0.0121376537293452,0.326599167645875,0.0748480154287245,-0.25175115221715,-0.164765483059081,-0.33873682137522,3.30845735061215,3.29378979604874,3.30392809374092,3.19329484854668,3.16747390557746,3.34291387687858,2.62967921838507,4.41563732079517,4.52534388905774,2.28399083812439,6.44328331049377,5.66215342892394,-0.115162502065469,-0.126315890471285,0.0389857831376578,-0.34568838026068,0.90579846495216,1.1368095398662,-0.230425441163075,0.389741287240437,0.587897661501927,-0.115262939097605,0.516057177711723,0.54891187836427,-0.120739196268377,0.28005504234574,0.0796579230386812,0.200397119307059,-0.159724979406035,-0.154148285203127,-0.165301673608943,-0.856754497520457,-1.48249792012688,-0.231011074914037,-0.508239738463246,-0.818323102665002,-0.19815637426149,-0.348514759057211,-0.664174817461875,0.477071394574065,2,1.666666667,2,20,3,2.701,2.318,2.437,2.279,2.166,2.673,2.826,2.533,2.379,2.251,2.15,2.508
"6",8,1.09259752086882,1.82061648342724,1.95853949940191,1.5624376416869,1.63013636430775,1.86281321852942,2.21309501217672,4.01706350126959,4.79995413169426,3.45170679140668,2.97859498888529,4.09938880632042,4.69976230077962,-1.66321811053698,-0.824049191593816,-0.687877307615708,-1.56351230548916,-0.926836839286483,-1.15377682927214,0.158380995417619,500.5,0.13792301597467,0.0676987226208542,0.350281793647306,0.102810869297762,-0.247470924349544,-0.212358777672636,-0.282583071026452,5.68028161180657,3.45170679140668,5.02622564560691,5.62400332328808,4.54210729437445,5.85353913005176,2.35384539073261,2.76382948379097,3.17255196703394,3.97590494010045,1.41508268339612,3.54598547150748,-0.0562782885184869,1.09040050296777,0.82731348444485,1.62205954936784,-0.660869492779139,0.373433504473545,0.782890630424676,0.214765505094317,0.600373494459197,0.839168918943163,-0.875634997873456,-0.226939989985653,0.517061107224643,0.48059502829435,0.498828067759497,-0.0182330394651463,-0.310252377220207,-0.883591772963337,0.263087018522923,0.107161523820806,1.24862604489429,-1.03430299725268,-0.101545426699701,0.182517135965479,-0.38560798936488,0.208706950520506,1.06610890892882,-1.70294848231831,2,2.333333333,1,22,1,2.804,2.497,2.418,2.249,2.221,2.657,2.879,2.387,2.271,2.189,2.129,2.683
"7",9,1.29267202760314,1.58917688410484,1.78829077968715,1.7905791987108,2.00247711715621,2.12062905131895,1.89405858547522,3.31558752063166,4.55944592388739,4.06270026879384,4.90024108369631,3.19339974924941,3.61281637137789,-0.432938925373804,-1.13213597976653,-0.0487376541202704,0.579836857309806,-0.627330411679668,-0.348623934071143,0.191663066152473,500.5,0.199113895582311,0.211897918445419,-0.226570465843722,0.205505907013865,0.432076372857587,0.425684361426033,0.438468384289141,3.74852644600547,4.06270026879384,3.82073016092908,5.69158190365392,4.32040422638651,3.96144030544903,2.88264859525786,4.01396261467356,2.56606933756974,3.42730994412086,5.48007794100612,3.26419243730675,1.94305545764845,0.257703957592672,0.140710144519954,0.544661348863001,1.51485298045282,0.698123099737005,1.24385840325573,0.886278469022748,0.419416622128479,-0.699197054392726,0.628574511430076,0.278706477608525,1.10037970762056,1.02975716465791,1.06506843613924,-0.0353112714813249,0.959669563100609,1.8023453131285,0.116993813072718,0.331634064920908,-0.153461750874003,0.816729880715819,0.645651814010758,0.824441781127248,0.466861846894269,-0.31401774908985,-0.977903532001251,0.487864366910122,1.666666667,2,2,22,2,2.773,2.42,2.666,2.25,2.089,2.465,2.871,2.544,2.647,2.089,2.197,2.494
"8",10,0.691397980983361,1.73918591725282,1.71225105994552,1.69551174619936,1.58701221286048,1.57248848497175,2.01186942779295,3.96897338737292,4.3570971921325,3.75485189853609,2.77658269279409,3.87635975942805,4.90821447828697,-0.0988424675010745,1.85005580838594,-0.959127183804403,-1.25909441025538,-1.09558969109097,-1.0685069360078,0.134535090010515,500.5,-0.0269348573072956,-0.108499533338877,0.439380942821194,-0.0677171953230864,-0.50709813814428,-0.466315800128489,-0.547880476160071,4.06781585487399,3.75485189853609,4.97194945051902,2.50704138374656,4.03567710304947,5.97672141429477,3.87013091987184,2.79572471473168,2.78077006833708,6.20715300051844,1.5174882825387,3.83970754227917,-1.56077447112744,0.280825204513386,1.00477196377575,2.3370220806466,-0.319109248388576,1.05893747394209,0.38812380475958,-0.0191420219375949,1.03185471885892,1.94889827588702,-0.299967226450981,0.0270827550831692,-0.639974633307025,1.00895641612901,0.184490891410993,0.824465524718017,-1.64474659708278,-2.56554643490319,-0.723946759262366,-0.049981057813081,1.27808460670451,-1.37804672233067,-0.847363827447929,-0.643730914099341,-1.05099674079652,0.797382769634848,1.92181552080385,-1.30473919022673,1.666666667,1.666666667,1,18,1,3.047,2.811,2.672,2.372,2.291,2.788,2.945,2.741,2.498,2.336,2.198,2.518
"9",11,1.2785495967372,1.63770727861015,1.6529414015261,1.75999992006979,1.77298200386546,1.85557609849657,1.82077246344329,3.53929773578146,3.63659410786929,3.77060411477579,3.4063376726157,3.43404214898498,3.28908051483967,0.661986178961018,0.584346837454844,-0.336916103534109,-0.0320242368867772,-1.15247482255114,-0.542246192382345,0.141139427135198,500.5,0.015234122915954,0.0129820837956629,-0.0348036350532755,0.0141081033558084,0.048911738409084,0.0500377579692295,0.0477857188489384,2.87731155682044,3.77060411477579,4.58651697153612,3.05224727041444,3.43836190950248,3.83132670722202,4.20128391474248,3.43368801124169,2.28156732643383,4.22094094532413,3.37431343572893,2.74683432245733,0.174935713593997,-0.332242205273312,-0.755190264314107,0.0196570305816503,0.277541528021351,0.465266996023494,0.0972963720878236,-0.0273503386259806,-0.144961634145306,-0.0776393415061733,0.304891866647332,0.6102286301688,-0.0786532458396578,0.148599279301501,0.0349730167309215,0.113626262570579,0.676537018474449,0.930125977908104,0.422948059040794,-0.316667716721993,-0.445609965441844,-0.187725468002143,0.179934650876228,0.24225800623313,0.117611295519326,-0.496602367598221,-0.687867971674974,1.06008213096144,2,1.666666667,2,27,2,3.062,3.035,2.714,2.375,2.254,2.614,2.95,2.9,2.709,2.281,2.308,2.829
"10",13,1.30016137423353,1.70115258061241,1.61902208032436,1.82758252179135,1.7019840588017,2.19372099576554,2.06859921760017,3.36654806040104,3.63506386510899,4.13574797637933,3.65368777084036,3.53047400309604,3.64708803115821,-0.382218876325112,-1.05369626918782,-0.229821015258405,-0.930258510027511,-0.0198673586997751,-1.15045609307733,0.226250613482191,500.5,-0.0821305002880477,-0.125598462989646,-0.12512177816537,-0.103864481638847,0.0212572965265228,0.0429912778773218,-0.000476684824276159,3.74876693672615,4.13574797637933,3.55034136179581,4.6887601342968,4.58394628086787,4.79754412423554,2.98432918407593,3.90592696112093,3.51060664439626,2.58136759592117,2.72342926081285,2.49663193808088,0.939993197570649,0.44819830448854,1.24720276243973,-0.402961588154758,-0.952676685049673,-1.01397470631539,0.268515804707945,-0.252239190280567,0.11661402806217,-0.671477392862703,-0.700437494769106,-1.13058873437756,0.694095751029594,-0.677819136602215,0.00813830721368944,-0.685957443815905,-0.553107011410133,-0.307209564869079,-0.799004457951188,0.336155569713171,0.611013118160629,0.0612980212657142,-0.108475720848481,0.151901776645775,-0.368853218342737,0.444631290561652,0.459111341514854,-1.94764025720883,1.333333333,1.333333333,1,19,2,3.133,3.016,2.735,2.319,2.314,2.692,2.983,2.983,2.721,2.373,2.325,2.681
"11",14,1.12606629794101,1.93099865631076,2.12155082969839,1.59157109685224,1.60367015052833,1.91789605235808,1.47760523037851,4.27201655881123,4.81102679695109,4.71843427984175,4.3631274612624,3.91629343149901,4.00093627222101,-0.298849025635821,-0.0850003222327916,-1.28202360301159,0.421613715328788,-1.18972737198556,-1.57881752375307,0.192285094117128,500.5,0.190552173387633,0.0120990536760911,-0.440290821979573,0.101325613531862,0.541616435511435,0.630842995367205,0.452389875655664,4.57086558444705,4.71843427984175,5.10602080348458,4.89602711918389,3.94151374593361,5.57975379597408,3.97316753317541,3.43641067683015,2.72656605951345,4.7260264747183,4.78474117659118,2.42211874846794,0.325161534736837,-0.776920533908138,0.4737329924895,0.752858941542896,2.63035410277262,-0.304447311045513,0.539010238139867,0.926716784432243,0.0846428407219936,0.213848703403029,1.70363731834038,-0.389090151767506,-0.22587949958565,1.69160652215776,0.732863511286055,0.958743010871705,-0.69961249207515,-0.148571457752663,-1.25065352639764,1.99605383320327,1.05730625258841,2.93480141381814,0.648220670564061,0.454367397417873,0.842073943710249,1.34783316263921,0.602938855170536,1.22990432585088,1.666666667,2,1,22,3,3.082,2.78,2.892,2.52,2.471,2.711,3.11,3.005,2.715,2.486,2.29,2.726
"12",15,0.764259541407184,1.83130180846195,1.84513777537255,1.51985884528711,1.40171394976089,1.3428671375937,1.88536192217162,3.72121943094405,3.85029813698094,3.43338103387102,2.5057513057801,2.7087521570191,3.61482402532283,0.268173488749725,-0.331164192359757,-1.09016030435474,-1.7177334554592,0.486491617263332,0.403565009073859,0.121470255981896,500.5,0.0138359669105968,-0.11814489552622,0.542494784577924,-0.0521544643078114,-0.594649248885736,-0.528658817667328,-0.660639680104144,3.45304594219432,3.43338103387102,2.22226053975577,4.18146232934069,4.2234847612393,3.21125901624897,3.98939291969377,2.34322072951628,3.19524377428243,3.51913394462118,0.788017850320894,4.01838903439669,0.728416387146374,0.790103727368279,0.9889984764932,-0.470258975072589,-0.465042574840646,0.823145260114255,0.129078706036892,0.162530576263817,0.906071868303727,-0.599337681109481,-0.627573151104462,-0.0829266081894725,0.759260057257326,-0.467650774956618,0.145804641150354,-0.613455416106972,-0.229738419235874,-0.260582089346826,-0.198894749124921,-1.29079603507087,-1.29340423518684,-1.2881878349549,-0.760267227153373,-0.776993162266835,-0.743541292039911,-0.530528807917499,-0.516411072920009,-1.61657162759766,2,2,1,20,1,2.907,2.589,2.562,2.371,2.172,2.669,2.832,2.831,2.534,2.334,2.159,2.532
"13",16,1.17453930641056,1.85712803198649,2.09646680528921,1.69210612272064,1.69199196024765,1.81278529275417,1.77804990436993,3.14927968345013,4.10043539693295,4.66632043902745,3.93967128022371,3.95959292661713,4.33943322854504,-0.991781789699823,-1.24485284172062,-1.11289001298931,0.168410846519758,0.63174216641154,0.214923157408515,0.196051990550223,500.5,0.239338773302719,-0.000114162472988321,-0.0347353883842349,0.119612305414865,0.1543476937991,0.274074161686954,0.0346212259112466,4.14106147314995,4.66632043902745,3.32785076020559,5.34528823865357,3.77126043370395,4.12451007113653,2.1574978937503,3.55343042603814,4.59133509302867,2.85558255521233,4.10808212674347,4.55435638595356,1.20422676550362,-0.895060005323499,0.796659310930936,0.698084661462021,1.66754171369463,-0.0369787070751139,0.951155713482821,0.386240854185568,0.379840301927911,-0.2530710520208,1.28130085950907,-0.416819009003025,0.154583380090061,1.18281318757833,0.668698283834194,0.514114903744133,-0.642075930840875,0.407567454572685,-1.69171931625444,1.21979189465344,0.735063368537134,1.70452042076975,0.288857981906283,0.57131541155491,0.00640055225765658,0.930933912747158,0.163747956982225,0.48464154857813,2.666666667,2,1,23,3,3.171,2.936,2.61,2.29,2.236,2.552,3.054,2.764,2.669,2.513,2.261,2.738
"14",17,1.19382815819954,1.72570865330065,1.88752448027506,1.61858970770211,1.56126176108853,1.23519571578125,1.32699548669466,4.13024397322512,4.88976771680004,2.74405505593177,2.93281186309415,2.88822513105091,3.5550528438286,1.74128997480121,0.986101133289194,0.261774429285674,-0.176515345771686,-0.0527890636883091,0.349051502376469,0.116926491091204,500.5,0.161815826974407,-0.0573279466135819,0.0917997709134109,0.0522439401804125,-0.0395558307329983,0.0700160560609961,-0.149127717526993,2.38895399842391,2.74405505593177,2.94101419473922,3.90366658351084,3.10932720886584,3.20600134145213,5.87153394802633,3.00582948521744,2.8354360673626,5.87586885008923,2.75629651732246,3.90410434620506,1.51471258508693,0.365272152934071,0.264987146712912,0.00433490206290296,-0.51130739718065,1.06866827884247,0.759523743574918,-0.0730176221232895,0.666827712777689,-0.755188841512015,-0.43828977505736,0.401840566064778,0.939992369010502,-0.253486247558873,0.343253060725814,-0.596739308284688,0.67500522229759,1.24972543837402,0.100285006221159,-1.32215452640134,-1.06433337677956,-1.57997567602312,-0.323574652051875,0.0926960307972287,-0.739845334900979,-0.998579874349466,-1.15702940757679,-0.703276921770272,2,1.666666667,2,19,1,2.966,2.853,2.309,2.249,1.884,2.416,2.79,2.57,2.397,2.081,1.96,2.257
"15",18,1.4708228125685,1.70861523460407,1.97594637594618,1.9519496380595,1.98764888913494,0.906887632996388,1.40881222513784,3.80672467974528,4.12211668677961,4.17654686202331,4.14629248093485,1.67123642936692,2.79770572339307,-0.878525135112588,0.0987187753654263,-0.302730684008714,0.400076544509371,-1.2307035402354,0.147248548505477,0.114670423180384,500.5,0.267331141342113,0.0356992510754413,0.501924592141449,0.151515196208777,-0.350409395932672,-0.234593450799336,-0.466225341066008,4.68524981485787,4.17654686202331,2.90193996960231,4.02339791141419,3.74621593642548,2.65045717488759,2.92819954463269,3.8738161780146,0.440532889131521,4.22083546214504,4.54636902544422,2.94495427189855,-0.661851903443679,-0.43033092559783,-0.251482794714721,1.29263591751235,0.975283531438341,2.50442138276703,0.315392007034335,0.272476302920255,1.12646929402615,0.977243910478014,0.702807228518086,1.37795208874087,-0.546091414520755,1.13395972447534,0.293934154977295,0.84002556949805,-0.294608619806033,-0.410369108728958,-0.178848130883109,-1.37046165829168,-1.21178546525468,-1.52913785132868,-0.832535139048857,-0.811077286991817,-0.853992991105897,-0.537926519242823,-0.400708178262859,0.954290023232807,2.666666667,1.666666667,2,19,2,2.941,2.458,2.269,2.29,2.023,2.641,2.898,2.52,2.337,2.309,2.267,2.516
"16",19,1.27133840332669,1.66409824632514,1.93130585455027,1.72678549275819,1.60926205778774,1.71081887941466,1.74182169838473,3.52128845650746,3.99672351177587,3.80347656812779,2.9011758744809,3.36942466345311,3.8944469013744,0.0943443359100773,0.376615457130694,-0.797470044120103,-0.663890626678639,-0.241370028431314,-0.162747103448819,0.210190374656549,500.5,0.267207608225134,-0.117523434970451,0.0310028189700718,0.0748420866273416,0.0438392676572698,0.236204789255062,-0.148526253940522,3.42694412059738,3.80347656812779,3.61079469188442,3.62010805464517,3.56506650115954,4.05719400482322,3.61563279241754,3.00600652400769,3.1280546350218,4.37333896890656,2.23728524780226,3.73169979792559,0.19316393404779,-0.238410066968255,0.446399312938799,0.757706176489023,0.0287487679146733,0.60364516290379,0.475435055268407,-0.104830649526791,0.525022237921295,0.282271121220616,0.133579417441464,0.0786229249824955,-0.0226230664602324,0.393227472201848,0.185302202870808,0.20792526933104,-0.469022379399031,-0.253235378891009,-0.684809379907054,-0.210417690701942,0.154061013585233,-0.574896394989117,-0.339720035050487,-0.0495871826528877,-0.629852887448086,0.129302344348545,0.203648196238121,-0.312819895497335,2.333333333,2.333333333,2,27,1,2.771,2.557,2.402,2.176,2.072,2.497,2.638,2.594,2.344,2.042,1.963,2.163
"17",20,1.04936656933055,1.73350668014372,2.04492994388277,1.87490189582599,1.95103880389491,1.52201189270301,1.7366532663882,4.33715470261616,5.17113539481966,5.18279841675208,5.29834136130669,2.75359518901664,3.47865938804154,-1.10279587724662,-0.612547031706161,-0.745451941814282,1.50806215670974,-1.91270674036846,-1.74270238990495,0.189010153066977,500.5,0.31142326373905,0.076136908068917,0.214641373685184,0.193780085903983,-0.0208612877812006,0.0967818900538659,-0.138504465616267,5.43995057986278,5.18279841675208,4.66630192938511,5.78368242652582,3.79027920459695,5.22136177794649,3.23435882536954,4.4373464749378,0.840888448648181,4.5585883631135,6.80640351801642,1.73595699813658,0.343731846663038,-1.39251921215513,0.555059848561382,1.32422953774395,3.11450898489291,0.895068549488402,0.833980692203495,0.860994886368891,0.725064199024892,0.490248845540457,2.25351409852402,0.17000435046351,-0.524393682746045,2.21936926131843,0.847487789286193,1.37188147203224,-1.07945353130743,-0.211328001898345,-1.94757906071651,1.32430071183003,0.42916098825555,2.21944043540451,0.122423590261301,0.108916493178603,0.135930687343999,1.20187712156873,0.320244495076948,1.69845424996264,1.333333333,1.666666667,2,19,2,2.92,2.678,2.561,2.195,2.236,2.623,2.845,2.752,2.597,2.274,1.929,2.595
"18",21,1.43194095703568,1.79308176762802,1.66978021607645,1.81175696188697,1.96646014429361,1.78874517243411,2.20764926141716,2.74381861603358,3.38931135879087,4.44804565913585,3.97913988995952,3.83354609323885,5.3949234226623,-0.888044795374872,-2.00126646691125,-0.584583171266377,-0.912019464239374,-1.31301171741206,-0.559597918538321,0.203675340013811,500.5,-0.123301551551578,0.154703182406647,0.41890408898305,0.0157008154275341,-0.403203273555516,-0.542205640534628,-0.264200906576403,3.63186341140845,4.44804565913585,5.14655781065091,5.39057782570212,4.8911593541989,5.95452134120062,1.85577382065871,3.86346248786947,2.52053437582679,1.38804489187962,3.06712042572015,4.83532550412398,1.75871441429367,0.443113695063047,0.807963530549715,-0.467728928779085,-0.211758890882947,2.31479112829719,0.64549274275729,0.11567740209005,1.56137732942345,-1.11322167153638,-0.327436292972997,0.753413798873738,1.10091405467836,-0.339743909831016,0.38058507242367,-0.720328982254686,0.292950524128641,0.95075088374395,-0.364849835486668,-2.65453503812821,-2.78252005707628,-2.52655001918014,-1.18079225699978,-0.915884586666163,-1.4456999273334,-1.47374278112842,-1.86663547041011,-1.13539982352271,1.666666667,1.666666667,1,30,3,2.864,2.516,2.403,2.31,2.051,2.648,2.925,2.406,2.219,2.145,2.002,2.53
"19",22,1.15743377724285,1.39549722102447,1.61945682397558,1.57799733542902,1.7890671548489,1.6133109105349,1.35437403073921,4.06640320328608,4.33688502302269,4.74421323892334,5.08458891278403,3.06672637533951,3.15557636220094,-1.24941734313554,-0.167801874856755,-0.232014898641987,-0.768595724127017,-1.86842393580712,-2.2190789854691,0.104723713156616,500.5,0.223959602951106,0.211069819419874,-0.258936879795696,0.21751471118549,0.476451590981186,0.482896482746802,0.470006699215569,5.31582054642162,4.74421323892334,4.93515031114664,4.50468689787944,5.85318463691105,5.37465534767004,2.81698586015055,4.51219834028136,1.19830243953239,4.16908314816593,4.31599318865702,0.936497376731841,-0.811133648542178,1.10897139798771,0.439505036523405,1.35209728801538,0.0358097470176457,-0.261805062800549,0.270481819736603,0.572390572502676,0.0888499868614277,1.08161546827878,-0.536580825485031,-0.350655049661977,0.148918874722764,0.693953517516515,0.42143619611964,0.272517321396875,-0.29058616180064,-1.25063868506558,0.669466361464302,0.955758580317064,1.61390235081593,0.297614809818195,0.332586209258212,0.181631832875176,0.483540585641249,0.623172371058852,1.43227051794076,-0.976085862008435,1.666666667,2,2,20,2,3.028,2.782,2.709,2.305,2.334,2.524,2.828,2.906,2.581,2.179,2.128,2.339
"20",23,0.733299155025447,1.89873047032654,1.99808329806076,1.52397120931383,1.69445756255846,1.61055310178168,1.52952653561369,3.1587800736635,3.73428830377062,3.63726200423588,4.28253825360839,3.45679699670386,3.74427943658744,-0.643203127326132,-0.256297051318606,0.027048943612251,1.23104244816874,0.0810052117984377,0.888913100172421,0.18703741947418,500.5,0.0993528277342196,0.170486353244628,-0.0810265661679846,0.134919590489424,0.215946156657408,0.180379393902204,0.251512919412612,3.80198320098963,3.63726200423588,3.37579178490543,3.99058535508922,3.05149580543965,2.85536633641502,2.51557694633737,3.66431094784813,3.5378022085023,3.47799125245201,5.51358070177713,4.63319253675986,0.188602154099591,-0.585766198796232,-0.520425448490407,0.962414306114642,1.82222081031675,1.09539032825756,0.575508230107116,0.618227305760257,0.287482439883577,0.386906076007526,1.20399350455649,0.807907888373984,-0.198582022348321,1.39231755821569,0.596867767933687,0.795449790282007,0.321843426142086,0.709027602589997,-0.0653407503058257,0.296927229958133,-0.132976022142919,0.726830482059185,0.309385328050109,0.288025790223539,0.33074486587668,-0.0124580980919763,-0.421001812366458,1.7244189530469,1.333333333,1.666666667,2,19,3,3.013,3.1,2.79,2.437,2.411,2.555,2.977,2.467,2.694,2.393,2.235,2.699
"21",24,1.46372691050363,1.72175605450088,1.85571174768954,1.5568698495774,1.69863840895574,1.73451335954075,1.93888385032777,4.15336914960637,4.77272274952901,3.88865487612753,2.83036287919529,3.2874005930757,4.14393977097203,-1.59195567434543,-1.10289933552749,-0.687067949180401,-0.501251126247646,-0.611120421847432,-0.16594475345559,0.112602356486192,500.5,0.133955693188661,0.14176855937834,0.204370490787019,0.137862126283501,-0.0665083645035179,-0.0704147975983575,-0.0626019314086782,5.7453248239518,3.88865487612753,3.89852101492313,5.8756220850565,3.33161400544293,4.30988452442762,2.56141347526094,3.20158692694713,2.67628017122827,3.66982341400152,2.32911175294764,3.97799501751644,0.1302972611047,-0.5570408706846,0.411363509504489,1.10840993874058,-0.185407224819088,1.30171484628817,0.619353599922638,-0.371224047751844,0.85653917789633,0.489056338817939,0.185816822932756,0.445175668391841,-0.21337180478995,0.461501356960745,0.124064776085397,0.337436580875347,-0.624735314294439,-0.281066248399789,-0.968404380189089,-0.840213489327427,-0.193304907547594,-1.48712207110726,-0.732474401810933,-0.237185577973692,-1.22776322564817,-0.107739087516494,0.0438806704260976,-0.225546686571733,2,1.333333333,1,22,1,2.823,2.669,2.582,2.358,2.184,2.577,2.923,2.598,2.586,2.34,2.245,2.508
"22",25,2.0795924895581,1.58430922916256,1.91461331176552,1.69075596403059,2.05271561626469,1.63699746394037,1.94755547714882,3.09063561084624,3.2153838319684,3.78679570984737,4.53203582043867,3.32189888804542,4.17718072318621,-0.383946244719564,-0.378827512161117,0.18892417201693,0.662653035910311,-0.228337331506563,0.795013945395521,0.184214206877232,500.5,0.330304082602963,0.361959652234108,0.310558013208452,0.346131867418536,0.0355738542100839,0.0197460693945116,0.0514016390256561,3.4745818555658,3.78679570984737,3.55023621955198,3.59421134412951,3.86938278452836,3.38216677779069,2.70668936612667,3.9757198818643,3.09356155653886,2.83655631980728,5.19468885634898,4.97219466858173,0.119629488563714,0.0825870746809931,-0.168069441761294,0.129866953680608,1.03004480246775,1.87863311204287,0.124748221122161,0.556315938574373,0.85528183514079,0.00511873255844674,0.47372886389338,1.02335127690208,0.101108281622354,0.579955878074181,0.340532079848267,0.239423798225914,0.269177723383647,0.287698930325008,0.250656516442287,-1.29867723396869,-1.74876615836227,-0.848588309575119,-0.514749755292523,-0.730533614018629,-0.298965896566416,-0.78392747867617,-1.01823254434364,0.641798305654674,2,2,2,22,3,2.824,2.652,2.587,2.246,2.158,2.751,2.75,2.636,2.536,2.192,2.228,2.55
"23",26,1.13341676397392,2.02955298990545,1.9636385103942,1.88867804717123,1.85592427548701,1.36352812505912,1.42447818728858,4.54125758789292,5.14505528202053,5.0058220035011,4.51906113186903,3.38816642069653,4.27100440770627,-1.20574526358148,-0.666585201088105,-0.91852822124627,0.777838330392203,-0.234892064608177,-1.32954476189561,0.243519211394148,500.5,-0.065914479511249,-0.0327537716842152,0.0609500622294682,-0.0493341255977321,-0.1102841878272,-0.126864541740717,-0.0937038339136834,5.7470028514744,5.0058220035011,3.62305848530471,5.81164048310863,3.74122280147683,5.60054916960188,3.33551232431144,4.08729378225483,3.15327435608836,4.47847008093242,5.29689946226123,2.94145964581065,0.064637631634228,-1.26459920202427,1.97749068429717,1.14295775662098,2.12813390125267,-0.211814710277706,0.603797694127603,0.431767349614202,0.882837987009731,0.539160062493375,1.69636655163847,-1.09465269728744,-0.599980785195022,1.63554582893683,0.517782521870902,1.11776330706592,-2.57747146949219,-1.91285305266294,-3.24208988632144,1.84736053921453,1.35477246689868,2.33994861153038,-0.365055465138829,-0.279040292882128,-0.451070637395529,2.21241600435336,1.63381275978081,-0.281124132658695,1.666666667,2.333333333,2,23,1,2.726,2.727,2.384,2.017,2.072,2.452,2.76,2.621,2.48,2.194,2.071,2.415
"24",28,0.678653060208453,1.60346687610626,1.87065031115914,1.57371615853102,1.52192881288145,1.75019679822492,2.03001459665591,4.54220405956789,5.32454831594985,3.50669017815129,3.44253198557299,4.20655668453372,5.25437477877841,1.14267814185775,1.85471813341744,-0.179075625851492,-0.768958404707507,-0.935138145642057,-0.709494046931611,0.226591187786063,500.5,0.267183435052879,-0.0517873456495696,0.279817798430994,0.107698044701655,-0.172119753729339,-0.0126343633781147,-0.331605144080563,3.39952591771014,3.50669017815129,5.14169483017578,3.46983018253241,4.21149039028049,5.96386882571002,5.68488220142564,3.3276145522998,3.27141853889166,7.17926644936729,2.67357358086548,4.5448807318468,0.0703042648222635,0.704800212129206,0.822173995534241,1.49438424794165,-0.474965345582823,1.27346219295513,0.782344256381955,0.114917433273191,1.04781809424469,0.712039991559692,-0.589882778856015,0.225644098710446,0.387552238475735,0.509709451179412,0.448630844827573,0.0610786063518385,-0.434621757058506,-0.751869730711978,-0.117373783405035,-0.763752741775721,0.220922054986515,-1.74842753853796,-0.599187249417114,-0.265473837862732,-0.932900660971495,-0.164565492358607,0.486395892849246,-1.41205677439026,1.333333333,1.666666667,2,24,1,2.721,2.753,2.364,2.178,2.007,2.517,2.842,2.552,2.417,2.091,2.009,2.437
"25",29,1.59043435131761,1.68103811527714,1.86953401739905,1.67772483102187,2.1630199522954,1.83780657191129,1.83919241438731,3.74130510970412,3.84157981006242,4.53878703340583,5.27102887665098,3.41608772985325,3.1038035359466,-0.515044054814281,-0.50307829736388,-0.123682835055753,-0.800399139506968,-0.373047082157351,-0.715544897024993,0.259597671986097,500.5,0.188495902121916,0.485295121273529,0.00138584247601725,0.336895511697723,0.335509669221705,0.187110059645899,0.483909278797512,4.2563491645184,4.53878703340583,3.7891348120106,4.3446581074263,6.07142801615795,3.81934843297159,3.22626105488984,4.41510419835007,3.04304064769589,3.33850151269854,4.47062973714401,2.3882586389216,0.0883089429079014,1.53264098275212,0.0302136209609944,0.112240457808703,0.179208373849688,-0.65478200877429,0.100274700358302,0.855924678300903,-0.312284193906648,0.0119657574504008,-0.676716304451215,-0.342497814867642,0.810474962830009,0.145724415829196,0.478099689329603,-0.332375273500407,0.780261341869015,0.058095321946907,1.50242736179112,0.800506424603486,0.767022466582993,0.833990382623978,0.79038388323625,0.41255889426495,1.16820887220755,0.0101225413672353,0.354463572318043,-0.706929925412209,1.333333333,1.666666667,1,26,2,2.723,2.688,2.463,2.165,2.308,2.412,2.837,2.361,2.325,2.031,2.024,2.591
"26",30,1.04189957077202,1.56125832827825,1.49911269085297,1.50536290268193,2.00080026162,2.13319842175188,2.12475355469898,3.20372943848375,3.44111912722511,4.5282141400453,4.81311288235484,3.94482293165553,4.02151343279759,-1.39750628110403,-1.2901405151611,-1.01411487786626,0.682299093298412,-0.0642439711521352,-0.0217807374707229,0.132511700902478,500.5,-0.0621456374252789,0.495437358938067,-0.00844486705290278,0.216645860756394,0.225090727809297,-0.0537007703723762,0.503882225990969,4.60123571958777,4.5282141400453,4.00906690280767,4.73125964238622,4.13081378905643,4.04329417026831,1.80622315737972,3.51409926217904,3.8805789605034,2.15097861206401,5.49541197565325,3.99973269532687,0.130023922798444,-0.397400350988876,0.0342272674606454,0.344755454684286,2.99542759134046,0.11915373482347,0.237389688741365,1.29901362017579,0.0766905011420576,0.107365765942921,1.69641397116467,0.0424632336814123,-0.133688214095216,1.67009152301237,0.768201654458579,0.901889868553795,-0.167915481555861,0.0957966553377986,-0.431627618449521,1.5509377881889,0.225601719860816,2.87627385651699,0.691511153316522,0.160699187599307,1.22232311903374,0.859426634872383,0.0649025322615088,1.66218670370402,1.333333333,2,1,25,3,3.01,2.892,2.583,2.287,2.095,2.682,2.642,2.401,2.295,1.989,1.933,2.242
"27",31,2.28227358159417,1.50466529584089,2.0280658632607,1.89319517789951,1.96989006448595,1.49322556386915,1.45345573995317,3.28903833533738,3.59982272047742,3.79831277437687,4.09554976633734,2.97506611950088,2.97767483546883,-0.20890371511333,0.667472351470299,-0.0854509795184006,0.256509219211301,0.0685248715391673,-0.45890300177137,0.124165787936236,500.5,0.523400567419808,0.0766948865864403,-0.0397698239159871,0.300047727003124,0.339817550919111,0.563170391335795,0.116464710502427,3.49794205045071,3.79831277437687,2.90654124796171,2.93235036900712,3.83904054712603,3.4365778372402,3.08013462022405,3.71286179485847,3.04359099104005,4.26729507194772,4.35205898554864,2.51877183369746,-0.565591681443589,0.0407277727491592,0.530036589278487,1.18716045172367,0.724648170208562,-0.524819157342587,0.310784385140041,0.382687971478861,0.00260871596794983,0.87637606658363,0.341960198729702,-0.527427873310537,-0.262431954347215,0.955904310966116,0.346736178309451,0.609168132656666,-0.792468543625702,-1.09562827072208,-0.489308816529328,1.4807234683087,1.71197960906626,1.24946732755115,0.344127462341501,0.308175669172091,0.380079255510911,1.1365960059672,1.40380393989417,-0.188076390548785,1.666666667,1.666666667,1,22,2,3.036,2.656,2.467,2.316,2.354,2.705,2.894,2.464,2.429,2.317,2.149,2.465
"28",32,1.28475264337072,1.81197809778904,2.00936457293207,1.66838425254314,1.97881725222093,1.99395896869049,2.06171378390355,3.29058550205914,3.79618085794936,4.86306351946912,3.7116345186724,4.10491706937584,4.34002140357567,-1.14331547491469,-1.51112400443441,-1.23831189940322,-0.506507348320068,-0.944054538891523,0.0843974307816073,0.236432907523216,500.5,0.197386475143024,0.31043299967779,0.0677548152130577,0.253909737410407,0.186154922197349,0.129631659929966,0.242678184464733,4.43390097697383,4.86306351946912,5.04897160826736,5.30730486238377,4.21814186699247,4.25562397279406,2.14727002714446,3.62475162006591,3.16086253048431,2.28505685351495,3.20512717035234,4.42441883435728,0.873403885409938,-0.64492165247665,-0.793347635473298,0.137786826370491,0.818687449689646,1.26355630387296,0.505595355890214,0.0868828986064982,0.235104334199833,-0.367808529519724,0.731804551083148,1.02845196967313,0.114241116466644,0.478237138030068,0.296239127248356,0.181998010781712,0.907588751939942,1.66675152088324,0.148425982996648,-0.785319165842895,-1.12576947750247,-0.444868854183317,0.0611347930485237,0.270491021690382,-0.148221435593334,-0.846453958891419,-1.39626049919285,1.52515218655645,2.333333333,1.666666667,1,20,3,2.966,2.712,2.518,2.411,2.352,2.713,3.081,2.538,2.474,2.517,2.157,2.653
"29",33,1.91919630896763,1.89942902303772,1.9163110213122,1.85279768533098,1.60174127876423,1.82687960195365,1.93602742800075,4.10051795442914,3.89713726156034,3.88903383780667,2.6713680641225,3.60138241698504,3.69774985935523,-1.43575929691155,-1.19650760922084,-0.907813148682204,-1.93057302812229,-0.639287798439128,-0.594587992036042,0.213347563380024,500.5,0.0168819982744818,-0.251056406566749,0.109147826047098,-0.117087204146134,-0.226235030193231,-0.092265827772616,-0.360204232613847,5.53627725134069,3.88903383780667,4.24067021542417,5.09364487078118,4.60194109224479,4.29233785139128,2.66475865751759,2.98122068912446,2.96209461854591,2.7006296523395,0.740795036000215,3.10316186731919,-0.442632380559513,0.712907254438125,0.0516676359671104,0.0358709948219165,-1.33261250444204,0.141067248773283,-0.203380692868798,-0.309852625001959,0.0963674423701966,0.239251687690715,-1.02275987944008,0.0446998064030862,0.135137436939306,-0.648370754810063,-0.256616658935379,-0.391754095874685,0.0834698009721954,-0.494300016526624,0.661239618471015,-0.789438003583346,-0.105196253951366,-1.47367975321533,-0.352984101305575,-0.299748135238995,-0.406220067372156,-0.436453902277771,0.194551881287629,-1.07442751540719,2,3,1,23,1,3.104,2.598,2.536,2.203,2.123,2.514,2.77,2.672,2.571,2.115,2.024,2.557
"30",34,1.47503360469866,1.68036862413796,1.6440717894102,1.5575226404343,2.00397492891649,1.70215955062102,1.79166815957369,3.23678047914891,3.52478193039135,5.39219227603798,5.56184717187148,4.00147679234991,4.54561896353867,-2.08451559884423,-0.493159162596132,-0.826014356148134,-0.462369303007991,-1.11102985789987,-1.21415131986843,0.112628429292339,500.5,-0.0362968347277602,0.446452288482185,0.0895086089526657,0.205077726877212,0.115569117924547,-0.125805443680426,0.356943679529519,5.32129607799314,5.39219227603798,5.11250665024978,4.01794109298748,6.02421647487947,5.75977028340711,1.15226488030468,4.56617791988985,2.89044693445004,3.03162276779522,5.09947786886349,3.33146764367024,-1.30335498500566,0.63202419884149,0.647263633157331,1.87935788749054,1.35931430512178,0.441020709220199,0.288001451242442,0.995669251981633,0.544142171188765,1.5913564362481,0.363645053140143,-0.103121461968566,-0.335665393082083,1.61933609630616,0.641835351612037,0.97750074469412,-0.982929026239414,-1.95061861816299,-0.0152394343158403,1.17831538708596,1.43833717827034,0.918293595901577,0.0976931804232729,-0.256140719946323,0.451527080792868,1.08062220666269,1.69447789821666,-0.283618580017188,1,1.666666667,2,22,3,2.892,2.612,2.629,2.207,2.155,2.549,2.983,2.644,2.576,2.381,2.26,2.599
"31",35,1.3409512205373,1.79661626944766,2.08780999972035,1.57368141923094,1.54596111580388,1.66647853708565,1.97952091711129,4.25954612031898,4.62989292638544,3.30609583898829,3.01137492788205,3.83098652628579,4.54677393731697,-1.2834199192509,-1.10941594831803,-0.254366253497124,0.332726681174884,-0.652288371483706,-0.0771012209969567,0.149677766981424,500.5,0.291193730272691,-0.0277203034270593,0.313042380025631,0.131736713422816,-0.181305666602815,-0.02184864975294,-0.34076268345269,5.54296603956988,3.30609583898829,4.48327489776949,5.73930887470347,2.67864824670716,4.62387515831392,2.97612620106807,3.05172958549116,3.17869815480208,3.52047697806741,3.34410160905693,4.46967271632001,0.196342835133585,-0.627447592281125,0.140600260544432,0.544350776999332,0.546738277062892,1.29097456151793,0.370346806066459,-0.0403546576091169,0.715787411031181,0.174003970932873,0.587092934672008,0.575187150486749,-0.21555237857377,0.545544527031112,0.164996074228671,0.380548452802441,-0.356152639118202,0.055742574589153,-0.768047852825557,-0.745430034486819,-0.746623784518598,-0.744236284455039,-0.55079133680251,-0.345440604964723,-0.756142068640298,-0.194638697684308,-0.401183179553876,0.446492674127576,2,2,2,22,1,2.939,2.657,2.496,2.188,1.935,2.489,2.667,2.5,2.365,2.124,2.075,2.278
"32",36,1.5291179674985,1.54101236302897,1.56459920350475,1.74620248275669,1.63778728459572,1.61003631485766,1.44356125199759,3.51225247661981,3.74742511021071,3.19421824685477,3.91609658790127,3.04103262194681,2.91789632837059,0.159744028524856,0.468138179355261,0.625648865465274,0.602098514578734,-0.217148556149053,-0.822037495569873,0.11085404291494,500.5,0.0235868404757835,-0.108415198160967,-0.166475062860069,-0.0424141788425918,0.124060884017477,0.190061903335853,0.0580598646991022,3.35250844809496,3.19421824685477,3.25818117809586,3.27928693085545,3.31399807332253,3.73993382394047,3.67199650514467,3.81986711232004,2.82388406579775,4.21556328956597,4.51819510248,2.09585883280072,-0.0732215172395098,0.119779826467767,0.481752645844605,0.543566784421301,0.072679124694688,-0.728025232997035,0.235172633590896,0.0962294755812275,-0.123136293576215,0.308394150830405,-0.0235503508865396,-0.60488893942082,0.0232791546141287,0.308122954557994,0.165701054586062,0.142421899971933,-0.458473491230476,-0.554974163084114,-0.361972819376837,1.03614818755503,1.27159201741834,0.800704357691723,0.288837348162277,0.358308927167111,0.219365769157443,0.747310839392753,0.913283090251225,-0.505302996731144,2,2,2,19,2,2.979,2.68,2.765,2.346,2.18,2.611,2.848,2.64,2.524,2.291,2.213,2.63
"33",37,1.86842723824982,1.71119158780876,1.82886726946004,1.88908804644855,1.84744742178646,1.83254881803268,1.74673255775268,3.25327287711331,3.72421644328983,3.17627872201027,2.94719462564991,3.91301846649579,4.26403583940419,-0.654098796564535,0.542538406153168,0.00226205495229937,-0.314816070027706,0.182000299065251,0.830037094973629,0.163010914570381,500.5,0.117675681651279,-0.0416406246620885,-0.0858162602799961,0.0380175284945951,0.123833788774591,0.203491941931275,0.0441756356179076,3.90737167367785,3.17627872201027,3.73101816743054,3.18167803713666,3.26201069567762,3.43399874443056,2.59917408054878,3.17854077696257,4.09501876556104,4.26675484944299,2.63237855562221,5.09407293437782,-0.725693636541189,0.085731973667348,-0.29701942299998,1.66758076889422,-0.548424276292664,0.999054168816776,0.470943566176513,-0.231346151312658,0.351017372908398,1.1966372027177,-0.317078124980006,0.648036795908378,-0.319980831436921,0.559578246300776,0.119798707431928,0.439779538868848,-0.022961408436941,-0.42867421354121,0.382751396667328,-0.439475922516,0.668526600077439,-1.54747844510944,-0.231218665476471,0.119926193268115,-0.582363524221056,-0.20825725703953,0.548600406809324,-0.0200587019800262,1,1.333333333,1,24,1,3.063,2.895,2.817,2.478,2.361,2.776,3.143,2.815,2.721,2.342,2.253,2.675
"34",38,1.60041668804414,1.64116132507423,1.64473073942148,1.75156900480571,2.03267301210267,1.63723871751513,1.48100234822118,3.92099785965129,4.41438025160472,3.92892440153314,5.07278163766465,3.22466286965521,3.29429925769637,0.562647294258006,0.672736844397372,0.369477875875606,1.87218105501128,-0.155078658880409,-1.56401125953248,0.150902711167578,500.5,0.00356941434725097,0.281104007296962,-0.156236369293951,0.142336710822106,0.298573080116057,0.159805783641202,0.437340376590913,3.35835056539328,3.92892440153314,3.37974152853562,3.74164340720735,3.20060058265337,4.85831051722884,4.48364515390929,4.29840227740875,3.06958421077481,5.0871170960021,6.94496269267593,1.73028799816389,0.383292841814073,-0.728323818879774,1.47856898869322,0.603471942092804,2.27708253939158,-1.33929621261092,0.493382391953439,0.774379360255901,0.0696363880411522,0.110089550139365,1.50270317913567,-1.40893260065207,-0.17251548853285,1.44027724074219,0.63388087610467,0.80639636463752,-1.65108447722607,-1.09527614687915,-2.20689280757299,2.77957345335311,1.94276815470372,3.61637875200249,0.564244488063517,0.423746003912286,0.704742972214749,2.21532896528959,1.51902215079143,0.0241341904424546,1.666666667,2,1,24,2,2.99,2.688,2.635,2.323,2.094,2.698,3.116,2.721,2.702,2.379,2.303,2.79
"35",39,1.08252431733845,1.72298176716583,1.85193640456268,1.75362145049246,2.19643042809988,1.722579744659,1.8983871879577,3.04269884954758,3.33117653911142,5.01988260642277,5.16269779949866,4.59675166557685,5.25851097581554,-1.14433851149944,-1.63704509868417,-0.862082047352599,-0.606047912384669,-0.796411252191676,-0.790700007996891,0.214434418572629,500.5,0.128954637396848,0.442808977607428,0.175807443298698,0.285881807502138,0.11007436420344,-0.0468528059018498,0.26700153430873,4.18703736104702,5.01988260642277,5.39316291776853,4.9682216377956,5.76874571188333,6.04921098381243,1.89836033804814,4.15780055907017,3.80034041338518,1.69413144042725,4.55664988711399,4.46781096781865,0.781184276748577,0.748863105460558,0.656048066043903,-0.204228897620891,1.26093137539642,0.667470554433472,0.288477689563843,1.00489724042849,0.661759310238687,-0.492706587184734,0.25603413496793,0.00571124419478459,0.765023691104568,0.528351238887763,0.646687464996166,-0.118336226108402,0.108975625060665,0.125136210704675,0.0928150394166554,-0.139119315545708,-0.871699452054363,0.593460820962946,-0.0150718452425217,-0.373281620674844,0.343137930189801,-0.124047470303187,-0.498417831379519,-0.400013931075973,1.666666667,1.333333333,2,20,3,2.908,2.714,2.708,2.382,2.202,2.459,2.912,2.666,2.597,2.225,2.19,2.567
"36",40,1.18627479518399,1.40684282821168,1.74262234085445,1.76090967320445,2.1766879778572,1.67642749370407,1.76215910692813,3.67636627515828,4.64940658224606,3.24655315713553,4.44997700701662,2.99081887068543,3.26217461709516,0.627652204602858,1.05944042657229,0.528979325957956,1.27709277446678,-0.412819165635085,-0.229271517026308,0.183923246665044,500.5,0.335779512642769,0.415778304652752,0.0857316132240626,0.37577890864776,0.290047295423698,0.250047899418706,0.33004669142869,3.04871407055542,3.24655315713553,3.40363803632052,3.58996615567376,3.17288423254984,3.49144613412146,4.30401847976113,3.77553248309349,2.57799970505035,5.70884700881835,5.7270697814834,3.03290310006885,0.541252085118345,-0.0736689245856954,0.0878080978009449,1.40482852905722,1.42255797243196,0.454903395018499,0.97304030708778,0.674444523923131,0.271355746409722,0.431788221969435,0.748113448508827,0.183547648608777,0.233791580266325,1.41369325074459,0.823742415505456,0.589950835239131,0.14598348246538,0.4534439873174,-0.16147702238664,0.958789855726088,0.949925134038717,0.967654577413459,0.552386669095734,0.701684560678058,0.403088777513409,0.406403186630354,0.248240573360659,0.660305350707882,1.333333333,1.666666667,2,22,2,2.957,2.83,2.739,2.316,2.143,2.697,3.102,2.721,2.697,2.405,2.07,2.846
"37",41,1.20450375889999,1.60362525250521,1.91385473296512,1.71882644133268,1.73308047588449,1.64962999776855,1.6560997950305,3.12436548049826,3.52101311013767,4.12299332261856,4.18729451630357,4.30281763945933,4.21086772713465,-1.63835053771847,0.163557085921675,-0.265823657666602,0.522537498585147,-0.558376732709483,1.73705282730023,0.120516906881404,500.5,0.310229480459909,0.0142540345518014,0.00646979726195269,0.162241757505855,0.155771960243903,0.303759683197956,0.00778423728984872,4.76271601821672,4.12299332261856,4.86119437216882,3.357456024216,3.66475701771842,2.47381489983442,1.48601494277979,3.85716966495196,3.74444090674985,3.68457019605935,4.70983201488871,5.94792055443489,-1.40525999400073,-0.458236304900139,-2.3873794723344,2.19855525327956,1.11848600760336,2.20347964768503,0.396647629639418,0.33012485135161,-0.0919499123246835,1.80190762364014,0.788361156251749,2.29542956000972,-0.931748149450432,1.65852063044146,0.363386240495514,1.29513438994595,1.45563132288397,0.982119478333676,1.92914316743426,-0.544959017243574,-0.00492439440547218,-1.08499364008168,0.455336152820197,0.488597541964102,0.422074763676293,-1.00029517006377,-0.493521936369574,3.17574062858615,1.333333333,1.666666667,1,22,3,3.01,2.666,2.655,2.272,2.194,2.425,2.981,2.48,2.583,2.158,2.165,2.521
"38",42,0.891828501114571,1.93618799035941,2.06776935696078,1.48778565918083,1.67157888290396,1.52002415539994,1.75437301236617,4.75834932984234,5.25082758271758,3.38060295548322,2.77666971353638,3.45082275500201,4.01144472583098,-1.03928368717143,-0.386714139599367,-0.81889705425956,-0.828326145248888,-0.708141428986708,-0.549806005321881,0.149156105981387,500.5,0.131581366601375,0.183793223723129,0.234348856966238,0.157687295162252,-0.0766615618039854,-0.102767490364863,-0.0505556332431083,5.79763301701377,3.38060295548322,4.15896418398872,5.63754172231695,3.60499585878527,4.56125073115286,3.71906564267091,2.56170590122366,2.7426813260153,4.86411344311821,1.94834356828749,3.4616387205091,-0.160091294696825,0.224392903302047,0.402286547164145,1.1450478004473,0.20553472132339,0.718957394493799,0.492478252875239,0.214963812312718,0.560621970828972,0.652569547572065,-0.00942909098932853,0.158335423664827,0.0321508043026107,0.675291260885347,0.353721032593979,0.321570228291368,-0.370135742861535,-0.56237784186097,-0.177893643862099,-0.0436661336084528,0.426090405953504,-0.51342267317041,-0.206900938234994,-0.068143717953733,-0.345658158516254,0.163234804626541,0.494234123907237,-0.411715638153474,2.333333333,2,2,23,1,2.795,2.647,2.576,2.303,2.254,2.545,2.714,2.631,2.479,2.181,2.171,2.554
"39",43,2.57387071231712,1.8549308768094,1.82630560145148,1.97007005695571,2.05074714001047,1.86169607498722,1.61844255773475,3.09880877662237,3.39800000049866,5.19669876631017,4.75576831011624,3.4686672526339,3.64303499574586,-1.79685320345805,-2.07042730356355,-1.08280513762845,-0.046155868587647,-0.942708690968061,-1.66703089853419,0.174619138098244,500.5,-0.0286252753579157,0.0806770830547583,-0.243253517252471,0.0260259038484213,0.269279421100893,0.214628241894556,0.32393060030723,4.89566198008042,5.19669876631017,4.41137594360196,5.4684273040622,4.80192417870389,5.31006589428006,1.30195557316432,4.11389362868173,2.52595856166584,1.32757269693511,4.70961244152859,1.97600409721167,0.572765323981784,-0.394774587606287,0.898689950678097,0.0256171237707887,1.67852395047531,-0.549954464454169,0.299191223876287,0.641874681434512,0.174367743111964,-0.273574100105498,1.0366492690408,-0.724322207566133,0.0889953681877486,0.85207053712305,0.470532952655399,0.381537584467651,-0.809694582490348,-0.325924626696313,-1.29346453828438,1.40202500157722,0.575571588224958,2.22847841492948,0.296165209543436,0.124823480764323,0.467506938322548,1.10585979203378,0.450748107460635,0.137959318362703,2,1.333333333,2,21,3,2.796,2.571,2.463,2.299,2.175,2.671,2.895,2.808,2.348,2.245,2.213,2.499
"40",44,1.73279595706777,1.62461881872908,2.01215372257905,1.97829154743076,1.65005724122309,1.71688727760676,1.6398838974266,3.79883011718611,4.30375012489614,3.68448701019161,3.17512772220791,4.06900517407913,4.4189534280623,-1.67939047065259,-0.639610442051915,-0.892251685011051,-1.24713107576364,-1.28811123496342,-1.33700684175654,0.118579064959543,500.5,0.387534903849968,-0.328234306207663,-0.0770033801801577,0.0296502988211524,0.10665367900131,0.464538284030126,-0.251230926027506,5.4782205878387,3.68448701019161,5.35711640904255,4.94336056694806,4.42225879797155,5.75596026981883,2.11943964653352,2.79223532518056,2.7808939391157,3.66413968284423,1.92799664644427,3.08194658630576,-0.534860020890639,0.737771787779938,0.398843860776278,1.5447000363107,0.0280130062747572,0.301052647190054,0.504920007710032,0.382892397027348,0.349948253983166,1.03978002860067,-0.354879390752591,-0.0488956067931118,0.10145588344465,0.78635652129273,0.44390620236869,0.34245031892404,-0.297387977331628,-0.933703881666917,0.33892792700366,0.485303874102676,1.24364738912065,-0.273039640915297,0.0939579483855238,0.154971753726866,0.0329441430441815,0.391345925717152,1.08867563539378,-0.753723251528869,1.333333333,2,2,23,1,2.857,2.625,2.668,2.15,2.236,2.327,2.674,2.635,2.621,2.086,2.1,2.425
"41",46,1.09632020830527,1.67320507827886,2.0622705873262,1.55321868709566,1.36040563979115,1.44099860429348,1.67387345709286,4.03812850459206,4.98488589740965,3.13807030888606,2.12608896038287,3.12418826619873,3.84276727946385,-0.610213739491157,-1.00709260601612,-1.0525685485242,-1.63055576304293,-0.126032857146725,0.196555774018844,0.108876322800554,500.5,0.389065509047342,-0.192813047304511,0.232874852799378,0.0981262308714156,-0.134748621927962,0.156190656247964,-0.425687900103888,4.64834224408322,3.13807030888606,3.25022112334545,5.99197850342577,3.7566447234258,3.646211505445,3.4279147651009,2.08550176036185,2.998155409052,3.97779329139353,0.495533197339942,4.03932305348269,1.34363625934256,0.618574414539747,0.39599038209955,0.549878526292626,-0.53740001449771,1.04116764443069,0.946757392817591,0.0405872000210181,0.71857901326512,-0.396878866524966,-0.577987214518728,0.322588631165569,0.981105336941152,0.00623925589745772,0.493672296419305,-0.487433040521847,0.585114954841602,0.947645877243007,0.222584032440197,-1.03492838853323,-0.491289118138063,-1.5785676589284,-0.224906716845815,0.228178379552472,-0.677991813244102,-0.810021671687416,-0.719467497690535,-0.973977596618279,2,1.333333333,2,18,1,2.94,2.904,2.692,2.281,2.137,2.582,2.875,2.751,2.763,2.475,2.129,2.69
"42",47,2.1249948757835,1.83503890351649,2.012271325418,1.78656223041413,1.5384806246861,1.70630560823101,2.03047164818446,3.43675723964913,4.10569002237978,3.32228681846758,3.69274000482887,3.10346777167895,3.22153602953205,-1.48165943715122,-0.510457542522171,0.560522625972078,-0.796671396170254,-0.415090824550095,-0.161959645994893,0.187555497079247,500.5,0.177232421901509,-0.248081605728032,0.324166039953444,-0.0354245919132613,-0.359590631866705,-0.146933618051935,-0.572247645681476,4.91841667680035,3.32228681846758,3.51855859622904,4.61614756490195,4.48941140099912,3.38349567552694,1.95509780249792,3.88280944443966,2.68837694712885,3.59523247985761,2.89606860865861,3.05957638353716,-0.302269111898399,1.16712458253154,-0.135062920702098,1.64013467735969,-1.54726346175312,0.371199436408305,0.668932782730645,-0.19006943961079,0.118068257853104,0.971201894629044,-1.35719402214233,0.253131178555202,0.432427735316572,0.0464356078032837,0.239431671559928,-0.192996063756644,0.56749065601867,-0.167206191196301,1.30218750323364,-0.324763828605022,1.26893524095138,-1.91846289816143,0.121363413706824,0.550864524877542,-0.308137697463894,-0.446127242311846,0.718070716073842,-1.22213110144023,2,1.333333333,2,20,2,2.818,2.919,2.493,2.058,1.99,2.387,3.103,2.796,2.555,2.353,2.138,2.74
"43",51,1.43865009243212,1.68801099099224,1.85910483438339,1.7092208169387,1.58521767484603,1.88778696915348,1.8016459812394,3.94660417028516,3.90134900737577,3.74561117859842,2.72926938188895,3.01587322838794,3.70339063620036,1.01829673605536,0.842810626636265,-0.764489370774612,-0.932521619559195,-0.373955948104286,-1.4682986722279,0.165923711412248,500.5,0.171093843391143,-0.124003142092666,-0.0861409879140782,0.0235453506492386,0.109686338563317,0.257234831305221,-0.0378621541785874,2.92830743422981,3.74561117859842,3.38982917649223,3.05853838073951,3.66179100144814,5.17168930842826,4.96490090634052,2.98112180782381,2.64191728028366,4.74415963401204,1.79674776232975,2.23509196397246,0.130230946509703,-0.083820177150279,1.78186013193603,-0.220741272328481,-0.419884674719444,-0.406825316311195,-0.0452551629093889,-0.251852425934862,0.68751740781242,-0.175486109419092,-0.168032248784583,-1.09434272412361,0.0232053846797122,-0.320312973523963,-0.148553794422125,-0.171759179101837,-1.75865474725632,-1.65162918542633,-1.86568030908631,0.086512342787232,0.186084043982713,-0.0130593584082494,-0.836071202234545,-0.732772570721809,-0.939369833747282,0.922583545021777,0.918856614704523,-1.94989238072062,1.333333333,1.666666667,1,21,1,3.034,2.537,2.485,2.172,2.278,2.554,3.053,2.659,2.588,2.311,2.197,2.625
"44",52,1.45181891774027,1.68810410082587,1.78667005673181,1.78382814426303,2.02596695756936,1.88271546156551,1.80439632737977,2.61524002898257,2.89417646580459,3.7929624500535,3.84545419148053,3.75121044635385,3.78093734584815,-0.591540309378158,-1.29690743330903,-0.398426121644356,-0.694009642043186,-0.748038648713113,-1.34501829235756,0.163362510802396,500.5,0.0985659559059431,0.242138813306332,-0.0783191341857373,0.170352384606138,0.248671518791875,0.17688509009168,0.320457947492069,3.20678033836073,3.7929624500535,4.49924909506696,4.19108389911362,4.53946383352372,5.12595563820571,2.02369971960441,3.39453632840915,3.00317179764074,1.59726903249556,3.15144454943735,2.43591905349058,0.984303560752888,0.746501383470217,0.626706543138745,-0.42643068710885,0.155334342672556,-0.567252744150156,0.278936436822019,0.450917863071386,0.0297268994942947,-0.705367123930869,-0.295583520398831,-0.59697964364445,0.865402472111553,-0.135548172218147,0.364927149946703,-0.50047532216485,0.238695928972807,0.357597017614143,0.119794840331472,0.431704571932009,0.140822057041306,0.722587086822711,0.335200250452408,0.249209537327725,0.421190963577091,0.0965043214796007,-0.108387480286419,-0.922290063537576,2,2.666666667,2,19,3,2.987,2.981,2.544,2.197,2.457,2.536,2.876,2.714,2.647,2.281,2.14,2.468
"45",53,1.05200049353603,1.84266988187094,2.06303456406649,1.72354975991311,1.74332068881708,1.65139380638911,1.69387218713396,4.47389643006484,5.03819507587522,2.82656795297232,3.00488805858737,4.69122164352878,4.94195827628664,-1.19048914534651,-0.688710783671189,-0.0299220475943186,-0.770070536418482,-0.757922702810508,-0.821645220281152,0.202046421924909,500.5,0.220364682195556,0.0197709289039615,0.0424783807448501,0.120067805549759,0.0775894248049087,0.177886301450706,-0.0227074518408886,5.66438557541136,2.82656795297232,5.44914434633929,5.72690585954641,3.77495859500585,5.76360349656779,3.28340728471833,2.79664590537801,3.93329894071828,4.34948429220403,2.23481752216888,4.12031305600549,0.0625202841350486,0.948390642033524,0.314459150228503,1.0660770074857,-0.531906335614803,0.187014115287215,0.564298645810372,0.20824215320936,0.250736632757859,0.501778361675324,-0.740148488824164,-0.063722517470644,0.505455463084286,0.267085335935446,0.386270399509866,-0.11918506357442,0.190996312855783,-0.251938866093455,0.633931491805021,0.0800712206482311,0.879062892198481,-0.718920450902019,0.135533766752007,0.313562013052513,-0.0424944795484991,-0.0554625461037759,0.565500879145968,-1.05460763905267,1,1.666666667,2,21,1,2.965,2.763,2.687,2.218,2.203,2.573,2.901,2.849,2.57,2.242,2.041,2.608
"46",54,0.818677356052949,1.69722217499628,1.69955494660858,1.94776947845278,2.15503716681629,1.59519263688085,1.57606520019808,4.28285176219256,4.29474152917963,4.98851645808353,4.58421749698719,2.715576290321,3.00604220760015,0.209834951678462,-1.31755669861961,-1.09571379493965,-0.978126928622042,-1.2697853504001,-1.24027426790217,0.169142471762093,500.5,0.00233277161229751,0.207267688363514,-0.0191274366827701,0.104800229987906,0.123927666670676,0.0214602082950676,0.226395125046284,4.0730168105141,4.98851645808353,3.9853616407211,5.61229822779925,5.56234442560923,4.24631647550232,4.49268671387102,3.89280266314389,1.4457909399209,2.97718483056002,3.60609056836515,1.76576793969798,1.53928141728515,0.5738279675257,0.260954834781218,-1.515501883311,0.809001700160912,0.319976999777083,0.0118897669870709,0.691414833843306,0.29046591727915,-1.52739165029808,0.117586866317606,0.0295110824979323,1.05655469240542,-0.353250091575046,0.351652300415188,-0.704902391990235,0.795599857624205,1.27832658250393,0.312873132744482,-0.673227091352129,-1.83547888308809,0.489024700383829,0.061186383136038,-0.278576150292079,0.400948916564155,-0.734413474488167,-1.55690273279601,-0.143367968463612,1,2,2,22,2,3.117,2.668,2.586,2.216,2.058,2.604,2.828,2.544,2.621,2.409,2.081,2.47
"47",55,0.957906944083123,1.74816950640109,2.06267161898462,1.66186776780302,1.84940954211986,1.84513469311011,1.75072080576848,4.32695086770651,5.2231441576704,4.43570808133434,4.3339578120156,3.19586536773351,3.65809351497035,-0.879233492666687,-0.764822338886319,-0.726155795498667,-1.19802711384625,-0.29397319456295,-1.25463176542299,0.19596598704378,500.5,0.314502112583535,0.187541774316833,-0.0944138873416369,0.251021943450184,0.345435830791821,0.408915999925172,0.281955661658469,5.20618436037319,4.43570808133434,3.48983856229646,5.98796649655671,5.53198492586186,4.91272528039333,3.44771737503982,3.70955228583567,2.90189217317056,4.45832181878408,3.13593069816935,2.40346174954736,0.781782136183522,1.09627684452752,1.42288671809687,1.01060444374426,0.152534207832344,-0.498430423623202,0.89619328996389,0.624405526179932,0.462228147236835,0.114411153780367,-0.471871318347587,-0.960658570860037,0.939029490355521,0.581569325788301,0.760299408071911,-0.17873008228361,-0.483857227741351,-0.641104581913349,-0.326609873569353,1.0799997494115,1.50903486736746,0.650964631455547,0.298071260835076,0.433965142727055,0.162177378943097,0.781928488576427,1.0750697246404,-1.89475803644446,2.666666667,2,1,23,3,2.873,2.641,2.664,2.402,2.334,2.464,2.836,2.416,2.574,2.212,2.188,2.64
